Tweets,len,ID,Date,Likes,RTs,Quoted,Q_or_RT,User_ent_text,retweeted_tweet,user_mentions,profile_location,in_reply_to_screen_name,created_at_string,tweet_type,all_text
Dak Prescott's Precious Mix of Smarts and Skills on Full Display in Cowboy... #Cowboys  https://t.co/9TpBqHHMjz https://t.co/TLmlC3P6qT,135,907113887694286848,2017-09-11 05:29:38,2,0,,,Dak Prescott's Precious Mix of Smarts and Skills on Full Display in Cowboy... #Cowboys  https://t.co/9TpBqHHMjz https://t.co/TLmlC3P6qT,,[],"{'country': 'United States', 'country_code': 'US', 'locality': 'Dallas', 'region': 'Texas', 'sub_region': 'Dallas County', 'full_name': 'Dallas, Texas, United States', 'geo': {'coordinates': [-96.80667, 32.78306], 'type': 'point'}}",,2017-29-11T05:29:38.000Z,tweet,Dak Prescott's Precious Mix of Smarts and Skills on Full Display in Cowboy... #Cowboys  https://t.co/9TpBqHHMjz https://t.co/TLmlC3P6qT
[Bleacher Report] - Dak Prescott's Precious Mix of Smarts and Skills on Full Display in Cowboys Win https://t.co/n4rpnbVFSE,123,907113780013912064,2017-09-11 05:29:13,0,0,,,[Bleacher Report] - Dak Prescott's Precious Mix of Smarts and Skills on Full Display in Cowboys Win https://t.co/n4rpnbVFSE,,[],,,2017-29-11T05:29:13.000Z,tweet,[Bleacher Report] - Dak Prescott's Precious Mix of Smarts and Skills on Full Display in Cowboys Win https://t.co/n4rpnbVFSE
Ezekiel Elliott y Dak Prescott son los Colosos de la Semana 1: Ezekiel Elliott y Dak Prescott son los Colosos de la‚Ä¶ https://t.co/d9p59krEET,140,907113254832373762,2017-09-11 05:27:07,1,1,,,Ezekiel Elliott y Dak Prescott son los Colosos de la Semana 1: Ezekiel Elliott y Dak Prescott son los Colosos de la‚Ä¶ https://t.co/iwOqD5lm5e https://t.co/UcdhbUis2M,,[],"{'country': 'United States', 'country_code': 'US', 'region': 'Connecticut', 'full_name': 'Connecticut, United States', 'geo': {'coordinates': [-72.66648, 41.66704], 'type': 'point'}}",,2017-27-11T05:27:07.000Z,tweet,Ezekiel Elliott y Dak Prescott son los Colosos de la Semana 1: Ezekiel Elliott y Dak Prescott son los Colosos de la‚Ä¶ https://t.co/iwOqD5lm5e https://t.co/UcdhbUis2M
"Dak Prescott solves Giants' D, has perfect start to gigantic Season 2 https://t.co/n2Fi2JiRUN",93,907113038171529216,2017-09-11 05:26:16,0,0,,,"Dak Prescott solves Giants' D, has perfect start to gigantic Season 2 https://t.co/n2Fi2JiRUN",,[],,,2017-26-11T05:26:16.000Z,tweet,"Dak Prescott solves Giants' D, has perfect start to gigantic Season 2 https://t.co/n2Fi2JiRUN"
How Dak Prescott has gone from being confused by Giants' defense to throwing all over them https://t.co/vyZpGLz64p via @sportsdaydfw,132,907112951404007424,2017-09-11 05:25:55,13,4,,,How Dak Prescott has gone from being confused by Giants' defense to throwing all over them https://t.co/vyZpGLz64p via @sportsdaydfw,,"[{'screen_name': 'SportsDayDFW', 'name': 'SportsDayDFW', 'id': 20291394, 'id_str': '20291394', 'indices': [119, 132]}]","{'country': 'United States', 'country_code': 'US', 'locality': 'Arlington', 'region': 'Texas', 'sub_region': 'Tarrant County', 'full_name': 'Arlington, Texas, United States', 'geo': {'coordinates': [-97.10807, 32.73569], 'type': 'point'}}",,2017-25-11T05:25:55.000Z,tweet,How Dak Prescott has gone from being confused by Giants' defense to throwing all over them https://t.co/vyZpGLz64p via @sportsdaydfw
"Giants vs. Cowboys score, highlights, stats: Dak Prescott, Dallas D dominate New York https://t.co/eDpni7dmfM",109,907112806478204929,2017-09-11 05:25:21,0,0,,,"Giants vs. Cowboys score, highlights, stats: Dak Prescott, Dallas D dominate New York https://t.co/eDpni7dmfM",,[],,,2017-25-11T05:25:21.000Z,tweet,"Giants vs. Cowboys score, highlights, stats: Dak Prescott, Dallas D dominate New York https://t.co/eDpni7dmfM"
"Dak Prescott solves Giants' D, has perfect start to gigantic Season 2 https://t.co/0zIvQJPukf https://t.co/ZRayrdGlP4",117,907112584121389056,2017-09-11 05:24:28,0,0,,,"Dak Prescott solves Giants' D, has perfect start to gigantic Season 2 https://t.co/0zIvQJPukf https://t.co/ZRayrdGlP4",,[],,,2017-24-11T05:24:28.000Z,tweet,"Dak Prescott solves Giants' D, has perfect start to gigantic Season 2 https://t.co/0zIvQJPukf https://t.co/ZRayrdGlP4"
"Giants vs. Cowboys score, highlights, stats: Dak Prescott, Dallas D dominate New York - https://t.co/Zvg9XwRaU0 https://t.co/Mus7Kudxz3",135,907112552710262784,2017-09-11 05:24:20,0,0,,,"Giants vs. Cowboys score, highlights, stats: Dak Prescott, Dallas D dominate New York - https://t.co/Zvg9XwRaU0 https://t.co/Mus7Kudxz3",,[],"{'country': 'Norway', 'country_code': 'NO', 'locality': 'Bergen', 'region': 'Hordaland', 'sub_region': 'Bergen', 'full_name': 'Bergen, Hordaland, Norway', 'geo': {'coordinates': [5.32415, 60.39299], 'type': 'point'}}",,2017-24-11T05:24:20.000Z,tweet,"Giants vs. Cowboys score, highlights, stats: Dak Prescott, Dallas D dominate New York - https://t.co/Zvg9XwRaU0 https://t.co/Mus7Kudxz3"
Dak Prescott highlights | Week 1 - https://t.co/DnlKjkuKqp #DallasCowboys,73,907112315065126912,2017-09-11 05:23:23,0,0,,,Dak Prescott highlights | Week 1 - https://t.co/DnlKjkuKqp #DallasCowboys,,[],,,2017-23-11T05:23:23.000Z,tweet,Dak Prescott highlights | Week 1 - https://t.co/DnlKjkuKqp #DallasCowboys
"#NFLxESPN üèà

'Zeke' y Prescott, los COLOSOS de la semana 1Ô∏è‚É£.üôåüí™

#Ch√©calo‚¨áÔ∏è
https://t.co/AFxL13VrqM https://t.co/JhToH60uNq",123,907111827359846401,2017-09-11 05:21:27,11,3,,,"#NFLxESPN üèà

'Zeke' y Prescott, los COLOSOS de la semana 1Ô∏è‚É£.üôåüí™

#Ch√©calo‚¨áÔ∏è
https://t.co/AFxL13VrqM https://t.co/JhToH60uNq",,[],,,2017-21-11T05:21:27.000Z,tweet,"#NFLxESPN üèà

'Zeke' y Prescott, los COLOSOS de la semana 1Ô∏è‚É£.üôåüí™

#Ch√©calo‚¨áÔ∏è
https://t.co/AFxL13VrqM https://t.co/JhToH60uNq"
Carrie Underwood &amp; Dak Prescott.... brb watching on repeat forever ‚ù§Ô∏èüíô https://t.co/QhVKbKwHiV,98,907111737396219904,2017-09-11 05:21:06,2,0,"{'created_at': 'Mon Sep 11 00:33:20 +0000 2017', 'id': 907039319092756480, 'id_str': '907039319092756480', 'text': 'Take us away, @CarrieUnderwood!\n\nStream #SNF here: https://t.co/d8GXSQiOqN https://t.co/sVXJGfys9t', 'display_text_range': [0, 74], 'source': '<a href=""https://studio.twitter.com"" rel=""nofollow"">Twitter Media Studio</a>', 'truncated': False, 'in_reply_to_status_id': None, 'in_reply_to_status_id_str': None, 'in_reply_to_user_id': None, 'in_reply_to_user_id_str': None, 'in_reply_to_screen_name': None, 'user': {'id': 167155452, 'id_str': '167155452', 'name': 'SNF on NBC', 'screen_name': 'SNFonNBC', 'location': 'NBC', 'url': 'http://www.nbcsports.com/nfl', 'description': 'The official Twitter of Sunday Night Football on NBC. Behind the Scenes of SNF & Football Night in America #SNF', 'translator_type': 'none', 'protected': False, 'verified': True, 'followers_count': 751618, 'friends_count': 2437, 'listed_count': 4564, 'favourites_count': 2166, 'statuses_count': 61610, 'created_at': 'Thu Jul 15 22:08:48 +0000 2010', 'utc_offset': None, 'time_zone': None, 'geo_enabled': True, 'lang': 'en', 'contributors_enabled': False, 'is_translator': False, 'profile_background_color': '131516', 'profile_background_image_url': 'http://abs.twimg.com/images/themes/theme14/bg.gif', 'profile_background_image_url_https': 'https://abs.twimg.com/images/themes/theme14/bg.gif', 'profile_background_tile': True, 'profile_link_color': '009999', 'profile_sidebar_border_color': 'FFFFFF', 'profile_sidebar_fill_color': 'EFEFEF', 'profile_text_color': '333333', 'profile_use_background_image': True, 'profile_image_url': 'http://pbs.twimg.com/profile_images/1046816065144143872/yCFizSYM_normal.jpg', 'profile_image_url_https': 'https://pbs.twimg.com/profile_images/1046816065144143872/yCFizSYM_normal.jpg', 'profile_banner_url': 'https://pbs.twimg.com/profile_banners/167155452/1549256310', 'default_profile': False, 'default_profile_image': False, 'following': None, 'follow_request_sent': None, 'notifications': None}, 'geo': None, 'coordinates': None, 'place': None, 'contributors': None, 'is_quote_status': False, 'quote_count': 0, 'reply_count': 55, 'retweet_count': 623, 'favorite_count': 1702, 'entities': {'hashtags': [{'text': 'SNF', 'indices': [40, 44]}], 'urls': [{'url': 'https://t.co/d8GXSQiOqN', 'expanded_url': 'http://bit.ly/2wU3GLv', 'display_url': 'bit.ly/2wU3GLv', 'unwound': {'url': 'http://stream.nbcsports.com/nfl/watch-sunday-night-football?utm_post=ond&utm_network=social&utm_sport=football&utm_source=tw-snfonnbc&utm_event=giants_cowboys_09102017&utm_tags=ond:social:football:tw-snfonnbc:giants_cowboys_09102017', 'status': 200, 'title': 'Watch Sunday Night Football Live | NBC Sports', 'description': 'NFL Sunday Night Football features the Indianapolis Colts vs. Tennessee Titans. Stream on NBCSports.com and the NBC Sports app.'}, 'indices': [51, 74]}], 'user_mentions': [{'screen_name': 'carrieunderwood', 'name': 'Carrie Underwood', 'id': 386244525, 'id_str': '386244525', 'indices': [14, 30]}], 'symbols': [], 'media': [{'id': 907038628114780160, 'id_str': '907038628114780160', 'indices': [75, 98], 'additional_media_info': {'title': '', 'description': '', 'embeddable': True, 'monetizable': False}, 'media_url': 'http://pbs.twimg.com/amplify_video_thumb/907038628114780160/img/LXhR5zR_K_ip_HTO.jpg', 'media_url_https': 'https://pbs.twimg.com/amplify_video_thumb/907038628114780160/img/LXhR5zR_K_ip_HTO.jpg', 'url': 'https://t.co/sVXJGfys9t', 'display_url': 'pic.twitter.com/sVXJGfys9t', 'expanded_url': 'https://twitter.com/SNFonNBC/status/907039319092756480/video/1', 'type': 'photo', 'sizes': {'thumb': {'w': 150, 'h': 150, 'resize': 'crop'}, 'medium': {'w': 1200, 'h': 675, 'resize': 'fit'}, 'small': {'w': 680, 'h': 383, 'resize': 'fit'}, 'large': {'w': 1280, 'h': 720, 'resize': 'fit'}}}]}, 'extended_entities': {'media': [{'id': 907038628114780160, 'id_str': '907038628114780160', 'indices': [75, 98], 'additional_media_info': {'title': '', 'description': '', 'embeddable': True, 'monetizable': False}, 'media_url': 'http://pbs.twimg.com/amplify_video_thumb/907038628114780160/img/LXhR5zR_K_ip_HTO.jpg', 'media_url_https': 'https://pbs.twimg.com/amplify_video_thumb/907038628114780160/img/LXhR5zR_K_ip_HTO.jpg', 'url': 'https://t.co/sVXJGfys9t', 'display_url': 'pic.twitter.com/sVXJGfys9t', 'expanded_url': 'https://twitter.com/SNFonNBC/status/907039319092756480/video/1', 'type': 'video', 'video_info': {'aspect_ratio': [16, 9], 'duration_millis': 86453, 'variants': [{'bitrate': 320000, 'content_type': 'video/mp4', 'url': 'https://video.twimg.com/amplify_video/907038628114780160/vid/320x180/A_T0aqh05cvr0HYP.mp4'}, {'bitrate': 832000, 'content_type': 'video/mp4', 'url': 'https://video.twimg.com/amplify_video/907038628114780160/vid/640x360/omtYXyIfyJDDgDQJ.mp4'}, {'content_type': 'application/x-mpegURL', 'url': 'https://video.twimg.com/amplify_video/907038628114780160/pl/Qc5eJjTwis8TeAsR.m3u8'}, {'bitrate': 2176000, 'content_type': 'video/mp4', 'url': 'https://video.twimg.com/amplify_video/907038628114780160/vid/1280x720/PZcnaqfUI_HOQzGn.mp4'}]}, 'sizes': {'thumb': {'w': 150, 'h': 150, 'resize': 'crop'}, 'medium': {'w': 1200, 'h': 675, 'resize': 'fit'}, 'small': {'w': 680, 'h': 383, 'resize': 'fit'}, 'large': {'w': 1280, 'h': 720, 'resize': 'fit'}}}]}, 'favorited': False, 'retweeted': False, 'possibly_sensitive': False, 'filter_level': 'low', 'lang': 'en'}","Take us away, @CarrieUnderwood!

Stream #SNF here: https://t.co/d8GXSQiOqN https://t.co/sVXJGfys9t",Carrie Underwood &amp; Dak Prescott.... brb watching on repeat forever ‚ù§Ô∏èüíô https://t.co/QhVKbKwHiV,,[],,,2017-21-11T05:21:06.000Z,quote,"Carrie Underwood &amp; Dak Prescott.... brb watching on repeat forever ‚ù§Ô∏èüíô https://t.co/QhVKbKwHiV
Take us away, @CarrieUnderwood!

Stream #SNF here: https://t.co/d8GXSQiOqN https://t.co/sVXJGfys9t"
Dak Prescott highlights | Week 1 - https://t.co/6ZxghgUQHV #GiantsPride,71,907111547964727296,2017-09-11 05:20:21,0,0,,,Dak Prescott highlights | Week 1 - https://t.co/6ZxghgUQHV #GiantsPride,,[],,,2017-20-11T05:20:21.000Z,tweet,Dak Prescott highlights | Week 1 - https://t.co/6ZxghgUQHV #GiantsPride
Pass-happy Cowboys stifle Giants in opener https://t.co/w0kvVkCqRw,66,907111411649724416,2017-09-11 05:19:48,0,0,,,Pass-happy Cowboys stifle Giants in opener https://t.co/w0kvVkCqRw,,[],"{'country': 'United States', 'country_code': 'US', 'locality': 'Shreveport', 'region': 'Louisiana', 'sub_region': 'Caddo Parish', 'full_name': 'Shreveport, Louisiana, United States', 'geo': {'coordinates': [-93.75018, 32.52515], 'type': 'point'}}",,2017-19-11T05:19:48.000Z,tweet,Pass-happy Cowboys stifle Giants in opener https://t.co/w0kvVkCqRw
Ezekiel Elliott y Dak Prescott son los Colosos de la Semana 1 https://t.co/ikbRwGwZTp #DomingoNFL,97,907111232339156992,2017-09-11 05:19:05,1,0,,,Ezekiel Elliott y Dak Prescott son los Colosos de la Semana 1 https://t.co/ikbRwGwZTp #DomingoNFL,,[],,,2017-19-11T05:19:05.000Z,tweet,Ezekiel Elliott y Dak Prescott son los Colosos de la Semana 1 https://t.co/ikbRwGwZTp #DomingoNFL
Dak Prescott's Precious Mix of Smarts and Skills on Full Display in Cowboys Win https://t.co/64ulhHFGE9 #Cowboys #CowboysNation,127,907111050834796544,2017-09-11 05:18:22,3,1,,,Dak Prescott's Precious Mix of Smarts and Skills on Full Display in Cowboys Win https://t.co/64ulhHFGE9 #Cowboys #CowboysNation,,[],,,2017-18-11T05:18:22.000Z,tweet,Dak Prescott's Precious Mix of Smarts and Skills on Full Display in Cowboys Win https://t.co/64ulhHFGE9 #Cowboys #CowboysNation
Dak Prescott's Precious Mix of Smarts and Skills on Full Display i - Bleacher Report https://t.co/HoNvvmGjuv,108,907110690284077056,2017-09-11 05:16:56,0,0,,,Dak Prescott's Precious Mix of Smarts and Skills on Full Display i - Bleacher Report https://t.co/HoNvvmGjuv,,[],,,2017-16-11T05:16:56.000Z,tweet,Dak Prescott's Precious Mix of Smarts and Skills on Full Display i - Bleacher Report https://t.co/HoNvvmGjuv
"Giants vs. Cowboys score, highlights, stats: Dak Prescott, Dallas D dominate New York - https://t.co/gVscpQr2um #sports",119,907108854655221760,2017-09-11 05:09:38,0,0,,,"Giants vs. Cowboys score, highlights, stats: Dak Prescott, Dallas D dominate New York - https://t.co/gVscpQr2um #sports",,[],,,2017-09-11T05:09:38.000Z,tweet,"Giants vs. Cowboys score, highlights, stats: Dak Prescott, Dallas D dominate New York - https://t.co/gVscpQr2um #sports"
Dak Prescott took a big step Sunday night against a Giants defense that vexed him in 2016. https://t.co/5G0S8Pz3bN https://t.co/FlCuetEixD,138,907108075747889154,2017-09-11 05:06:33,6,2,,,Dak Prescott took a big step Sunday night against a Giants defense that vexed him in 2016. https://t.co/5G0S8Pz3bN https://t.co/FlCuetEixD,,[],"{'country': 'United States', 'country_code': 'US', 'full_name': 'United States', 'geo': {'coordinates': [-98.5, 39.76], 'type': 'point'}}",,2017-06-11T05:06:33.000Z,tweet,Dak Prescott took a big step Sunday night against a Giants defense that vexed him in 2016. https://t.co/5G0S8Pz3bN https://t.co/FlCuetEixD
Veteran tight end @JasonWitten breaks franchise record as pass-happy @dallascowboys stifle Giants in 2017 opener. https://t.co/WK05avKIxe,137,907107686826745856,2017-09-11 05:05:00,1,3,,,Veteran tight end @JasonWitten breaks franchise record as pass-happy @dallascowboys stifle Giants in 2017 opener. https://t.co/WK05avKIxe,,"[{'screen_name': 'JasonWitten', 'name': 'Jason Witten', 'id': 22823970, 'id_str': '22823970', 'indices': [18, 30]}, {'screen_name': 'dallascowboys', 'name': 'Dallas Cowboys', 'id': 8824902, 'id_str': '8824902', 'indices': [69, 83]}]","{'country': 'United States', 'country_code': 'US', 'locality': 'Shreveport', 'region': 'Louisiana', 'sub_region': 'Caddo Parish', 'full_name': 'Shreveport, Louisiana, United States', 'geo': {'coordinates': [-93.75018, 32.52515], 'type': 'point'}}",,2017-05-11T05:05:00.000Z,tweet,Veteran tight end @JasonWitten breaks franchise record as pass-happy @dallascowboys stifle Giants in 2017 opener. https://t.co/WK05avKIxe
"""Dak Leads Cowboys to Impressive Win"" via @BleacherReport App: https://t.co/5T7GDAgp6m",86,907107283984900096,2017-09-11 05:03:24,0,0,,,"""Dak Leads Cowboys to Impressive Win"" via @BleacherReport App: https://t.co/5T7GDAgp6m",,"[{'screen_name': 'BleacherReport', 'name': 'Bleacher Report', 'id': 890891, 'id_str': '890891', 'indices': [42, 57]}]","{'country': 'United States', 'country_code': 'US', 'locality': 'Old Bridge', 'region': 'New Jersey', 'sub_region': 'Middlesex County', 'full_name': 'Old Bridge, New Jersey, United States', 'geo': {'coordinates': [-74.36543, 40.41483], 'type': 'point'}}",,2017-03-11T05:03:24.000Z,tweet,"""Dak Leads Cowboys to Impressive Win"" via @BleacherReport App: https://t.co/5T7GDAgp6m"
"Dak Prescott solves Giants' D, has perfect start to gigantic Season 2 https://t.co/q1UkYhw7Mg",93,907106691564498944,2017-09-11 05:01:03,0,0,,,"Dak Prescott solves Giants' D, has perfect start to gigantic Season 2 https://t.co/q1UkYhw7Mg",,[],"{'country': 'United States', 'country_code': 'US', 'locality': 'Charlotte', 'region': 'North Carolina', 'sub_region': 'Mecklenburg County', 'full_name': 'Charlotte, North Carolina, United States', 'geo': {'coordinates': [-80.84313, 35.22709], 'type': 'point'}}",,2017-01-11T05:01:03.000Z,tweet,"Dak Prescott solves Giants' D, has perfect start to gigantic Season 2 https://t.co/q1UkYhw7Mg"
"Dak Prescott solves Giants' D, has perfect start to gigantic Season 2 https://t.co/evu02zG8vN https://t.co/rnqcDtbNdt",117,907106461511180288,2017-09-11 05:00:08,0,1,,,"Dak Prescott solves Giants' D, has perfect start to gigantic Season 2 https://t.co/evu02zG8vN https://t.co/rnqcDtbNdt",,[],"{'country': 'United States', 'country_code': 'US', 'full_name': 'United States', 'geo': {'coordinates': [-98.5, 39.76], 'type': 'point'}}",,2017-00-11T05:00:08.000Z,tweet,"Dak Prescott solves Giants' D, has perfect start to gigantic Season 2 https://t.co/evu02zG8vN https://t.co/rnqcDtbNdt"
Me urgeee renovar mi jersey de Tony Romo por el de mi Dak Prescott üíôüèà #CowboysNation,84,907106389776101381,2017-09-11 04:59:51,1,0,,,Me urgeee renovar mi jersey de Tony Romo por el de mi Dak Prescott üíôüèà #CowboysNation,,[],,,2017-59-11T04:59:51.000Z,tweet,Me urgeee renovar mi jersey de Tony Romo por el de mi Dak Prescott üíôüèà #CowboysNation
"Giants vs. Cowboys score, highlights, stats: Dak Prescott, Dallas D dominate New York‚Ä¶ https://t.co/12GAj4KbDd",110,907106250713960448,2017-09-11 04:59:18,0,0,,,"Giants vs. Cowboys score, highlights, stats: Dak Prescott, Dallas D dominate New York‚Ä¶ https://t.co/12GAj4KbDd",,[],"{'country': 'United States', 'country_code': 'US', 'full_name': 'United States', 'geo': {'coordinates': [-98.5, 39.76], 'type': 'point'}}",,2017-59-11T04:59:18.000Z,tweet,"Giants vs. Cowboys score, highlights, stats: Dak Prescott, Dallas D dominate New York‚Ä¶ https://t.co/12GAj4KbDd"
"Dak Prescott solves Giants‚Äô D, has perfect start to gigantic Season 2 |¬†NFL https://t.co/Hp8EQg0pFf https://t.co/uGVsgzWAiQ",123,907106249803780096,2017-09-11 04:59:17,0,0,,,"Dak Prescott solves Giants‚Äô D, has perfect start to gigantic Season 2 |¬†NFL https://t.co/Hp8EQg0pFf https://t.co/uGVsgzWAiQ",,[],"{'country': 'United States', 'country_code': 'US', 'region': 'New York', 'full_name': 'New York, United States', 'geo': {'coordinates': [-75.4999, 43.00035], 'type': 'point'}}",,2017-59-11T04:59:17.000Z,tweet,"Dak Prescott solves Giants‚Äô D, has perfect start to gigantic Season 2 |¬†NFL https://t.co/Hp8EQg0pFf https://t.co/uGVsgzWAiQ"
"Dak Prescott solves Giants‚Äô D, has perfect start to gigantic Season 2 |¬†NFL https://t.co/Dkbuflk59J https://t.co/lUBrFS5Rt9",123,907106242929324032,2017-09-11 04:59:16,0,0,,,"Dak Prescott solves Giants‚Äô D, has perfect start to gigantic Season 2 |¬†NFL https://t.co/Dkbuflk59J https://t.co/lUBrFS5Rt9",,[],"{'country': 'United States', 'country_code': 'US', 'full_name': 'United States', 'geo': {'coordinates': [-98.5, 39.76], 'type': 'point'}}",,2017-59-11T04:59:16.000Z,tweet,"Dak Prescott solves Giants‚Äô D, has perfect start to gigantic Season 2 |¬†NFL https://t.co/Dkbuflk59J https://t.co/lUBrFS5Rt9"
"Cowboys cut Giants down to size, win opener 19-3 https://t.co/XjSs2pgXXy https://t.co/3h7KfZTbMs",96,907105486738280448,2017-09-11 04:56:15,0,0,,,"Cowboys cut Giants down to size, win opener 19-3 https://t.co/XjSs2pgXXy https://t.co/3h7KfZTbMs",,[],,,2017-56-11T04:56:15.000Z,tweet,"Cowboys cut Giants down to size, win opener 19-3 https://t.co/XjSs2pgXXy https://t.co/3h7KfZTbMs"
"Cowboys cut Giants down to size, win opener 19-3 https://t.co/AqFuFufhj8",72,907105463447248896,2017-09-11 04:56:10,0,0,,,"Cowboys cut Giants down to size, win opener 19-3 https://t.co/AqFuFufhj8",,[],,,2017-56-11T04:56:10.000Z,tweet,"Cowboys cut Giants down to size, win opener 19-3 https://t.co/AqFuFufhj8"
Dak Prescott highlights | Week 1 https://t.co/ElMLmJjVOv https://t.co/3h7KfZTbMs,80,907105453842321408,2017-09-11 04:56:08,0,0,,,Dak Prescott highlights | Week 1 https://t.co/ElMLmJjVOv https://t.co/3h7KfZTbMs,,[],,,2017-56-11T04:56:08.000Z,tweet,Dak Prescott highlights | Week 1 https://t.co/ElMLmJjVOv https://t.co/3h7KfZTbMs
Dak Prescott highlights | Week 1 https://t.co/aw44FZBHNB,56,907105444958793728,2017-09-11 04:56:05,0,0,,,Dak Prescott highlights | Week 1 https://t.co/aw44FZBHNB,,[],,,2017-56-11T04:56:05.000Z,tweet,Dak Prescott highlights | Week 1 https://t.co/aw44FZBHNB
"sportingnews‚Äã.com &gt;&gt; Dak Prescott solves Giants' D, has perfect start to gigantic Season 2 https://t.co/lzr5ZnK2ph",120,907105437073465344,2017-09-11 04:56:04,0,0,,,"sportingnews‚Äã.com &gt;&gt; Dak Prescott solves Giants' D, has perfect start to gigantic Season 2 https://t.co/lzr5ZnK2ph",,[],"{'country': 'United States', 'country_code': 'US', 'locality': 'Dallas', 'region': 'Texas', 'sub_region': 'Dallas County', 'full_name': 'Dallas, Texas, United States', 'geo': {'coordinates': [-96.80667, 32.78306], 'type': 'point'}}",,2017-56-11T04:56:04.000Z,tweet,"sportingnews‚Äã.com &gt;&gt; Dak Prescott solves Giants' D, has perfect start to gigantic Season 2 https://t.co/lzr5ZnK2ph"
Dak Prescott's uneven game vs. Giants is no cause for alarm #GreenBayPackers  https://t.co/LaJyHTgaF9 https://t.co/zrH1bhgad2,125,907105277924839427,2017-09-11 04:55:26,0,0,,,Dak Prescott's uneven game vs. Giants is no cause for alarm #GreenBayPackers  https://t.co/LaJyHTgaF9 https://t.co/zrH1bhgad2,,[],"{'country': 'United States', 'country_code': 'US', 'locality': 'Green Bay', 'region': 'Wisconsin', 'sub_region': 'Brown County', 'full_name': 'Green Bay, Wisconsin, United States', 'geo': {'coordinates': [-88.01983, 44.51916], 'type': 'point'}}",,2017-55-11T04:55:26.000Z,tweet,Dak Prescott's uneven game vs. Giants is no cause for alarm #GreenBayPackers  https://t.co/LaJyHTgaF9 https://t.co/zrH1bhgad2
Dak Prescott's uneven game vs. Giants is no cause for alarm #NYG  https://t.co/ktyd3HetNh https://t.co/xli1XMXxoq,113,907105272124108800,2017-09-11 04:55:24,0,0,,,Dak Prescott's uneven game vs. Giants is no cause for alarm #NYG  https://t.co/ktyd3HetNh https://t.co/xli1XMXxoq,,[],"{'country': 'United States', 'country_code': 'US', 'locality': 'East Rutherford', 'region': 'New Jersey', 'sub_region': 'Bergen County', 'full_name': 'East Rutherford, New Jersey, United States', 'geo': {'coordinates': [-74.09709, 40.83399], 'type': 'point'}}",,2017-55-11T04:55:24.000Z,tweet,Dak Prescott's uneven game vs. Giants is no cause for alarm #NYG  https://t.co/ktyd3HetNh https://t.co/xli1XMXxoq
#NewYorkGiants #NYGiants #NYG Sunday Night wrap-up: Dak Prescott leads Cowboys to impressive win https://t.co/sOWzLUv4vk,120,907105210828513281,2017-09-11 04:55:10,0,0,,,#NewYorkGiants #NYGiants #NYG Sunday Night wrap-up: Dak Prescott leads Cowboys to impressive win https://t.co/sOWzLUv4vk,,[],,,2017-55-11T04:55:10.000Z,tweet,#NewYorkGiants #NYGiants #NYG Sunday Night wrap-up: Dak Prescott leads Cowboys to impressive win https://t.co/sOWzLUv4vk
"Cowboys cut Giants down to size, win opener 19-3. https://t.co/3UpW75rGpK #NFLSunday #CowboysNation #cowboysvsgiants",116,907105178733735936,2017-09-11 04:55:02,0,0,,,"Cowboys cut Giants down to size, win opener 19-3. https://t.co/3UpW75rGpK #NFLSunday #CowboysNation #cowboysvsgiants",,[],"{'country': 'United States', 'country_code': 'US', 'full_name': 'United States', 'geo': {'coordinates': [-98.5, 39.76], 'type': 'point'}}",,2017-55-11T04:55:02.000Z,tweet,"Cowboys cut Giants down to size, win opener 19-3. https://t.co/3UpW75rGpK #NFLSunday #CowboysNation #cowboysvsgiants"
"Cowboys cut Giants down to size, win opener 19-3 https://t.co/XjSs2pgXXy https://t.co/ZRayrdGlP4",96,907105090816942080,2017-09-11 04:54:41,0,0,,,"Cowboys cut Giants down to size, win opener 19-3 https://t.co/XjSs2pgXXy https://t.co/ZRayrdGlP4",,[],,,2017-54-11T04:54:41.000Z,tweet,"Cowboys cut Giants down to size, win opener 19-3 https://t.co/XjSs2pgXXy https://t.co/ZRayrdGlP4"
Dak Prescott highlights | Week 1 https://t.co/ElMLmJjVOv https://t.co/ZRayrdGlP4,80,907105070814257152,2017-09-11 04:54:36,0,0,,,Dak Prescott highlights | Week 1 https://t.co/ElMLmJjVOv https://t.co/ZRayrdGlP4,,[],,,2017-54-11T04:54:36.000Z,tweet,Dak Prescott highlights | Week 1 https://t.co/ElMLmJjVOv https://t.co/ZRayrdGlP4
"SNF gives game ball to Jason Witten, Jaylon Smith, Dak Prescott https://t.co/f44iPDWs0a v√≠a @247Sports",102,907104870716420096,2017-09-11 04:53:49,0,0,,,"SNF gives game ball to Jason Witten, Jaylon Smith, Dak Prescott https://t.co/f44iPDWs0a v√≠a @247Sports",,"[{'screen_name': '247Sports', 'name': '247Sports', 'id': 151595281, 'id_str': '151595281', 'indices': [92, 102]}]","{'country': 'Mexico', 'country_code': 'MX', 'locality': 'Monterrey', 'region': 'Nuevo Le√≥n', 'full_name': 'Monterrey, Nuevo Le√≥n, Mexico', 'geo': {'coordinates': [-100.31846, 25.67506], 'type': 'point'}}",,2017-53-11T04:53:49.000Z,tweet,"SNF gives game ball to Jason Witten, Jaylon Smith, Dak Prescott https://t.co/f44iPDWs0a v√≠a @247Sports"
"With a win over NYG tonight Dak Prescott has beaten every team he's ever faced. Lost to PHI &amp; GB last season, but he'd already beaten them.",143,907104320247738370,2017-09-11 04:51:37,217,73,,,"With a win over NYG tonight Dak Prescott has beaten every team he's ever faced. Lost to PHI &amp; GB last season, but he'd already beaten them.",,[],"{'country': 'United States', 'country_code': 'US', 'locality': 'San Antonio', 'region': 'Texas', 'sub_region': 'Bexar County', 'full_name': 'San Antonio, Texas, United States', 'geo': {'coordinates': [-98.49363, 29.42412], 'type': 'point'}}",,2017-51-11T04:51:37.000Z,tweet,"With a win over NYG tonight Dak Prescott has beaten every team he's ever faced. Lost to PHI &amp; GB last season, but he'd already beaten them."
Maybe it wasn't smart to play Dak Prescott and the Giants defense on the same week ü§î,84,907104274634518528,2017-09-11 04:51:26,0,0,,,Maybe it wasn't smart to play Dak Prescott and the Giants defense on the same week ü§î,,[],"{'country': 'United States', 'country_code': 'US', 'locality': 'Riverside', 'region': 'California', 'sub_region': 'Riverside County', 'full_name': 'Riverside, California, United States', 'geo': {'coordinates': [-117.39616, 33.95335], 'type': 'point'}}",,2017-51-11T04:51:26.000Z,tweet,Maybe it wasn't smart to play Dak Prescott and the Giants defense on the same week ü§î
Dak Prescott's uneven game vs. Giants is no cause for alarm #AZCardinals  https://t.co/OS7rqI2e9a https://t.co/1JjA9coU6R,121,907104247560491008,2017-09-11 04:51:20,0,0,,,Dak Prescott's uneven game vs. Giants is no cause for alarm #AZCardinals  https://t.co/OS7rqI2e9a https://t.co/1JjA9coU6R,,[],"{'country': 'United States', 'country_code': 'US', 'locality': 'Phoenix', 'region': 'Arizona', 'sub_region': 'Maricopa County', 'full_name': 'Phoenix, Arizona, United States', 'geo': {'coordinates': [-112.07404, 33.44838], 'type': 'point'}}",,2017-51-11T04:51:20.000Z,tweet,Dak Prescott's uneven game vs. Giants is no cause for alarm #AZCardinals  https://t.co/OS7rqI2e9a https://t.co/1JjA9coU6R
Dak Prescott's uneven game vs. Giants is no cause for alarm #DallasCowboys  https://t.co/6RvC0c8NQ6 https://t.co/gOTpYWCBuK,123,907104242305028096,2017-09-11 04:51:19,1,1,,,Dak Prescott's uneven game vs. Giants is no cause for alarm #DallasCowboys  https://t.co/6RvC0c8NQ6 https://t.co/gOTpYWCBuK,,[],"{'country': 'United States', 'country_code': 'US', 'locality': 'Dallas', 'region': 'Texas', 'sub_region': 'Dallas County', 'full_name': 'Dallas, Texas, United States', 'geo': {'coordinates': [-96.80667, 32.78306], 'type': 'point'}}",,2017-51-11T04:51:19.000Z,tweet,Dak Prescott's uneven game vs. Giants is no cause for alarm #DallasCowboys  https://t.co/6RvC0c8NQ6 https://t.co/gOTpYWCBuK
"Giants vs. Cowboys score, highlights, stats: Dak Prescott, Dallas D dominate New York -‚Ä¶ https://t.co/I19imZvaZf #TopStories",124,907104110775648257,2017-09-11 04:50:47,0,0,,,"Giants vs. Cowboys score, highlights, stats: Dak Prescott, Dallas D dominate New York -‚Ä¶ https://t.co/I19imZvaZf #TopStories",,[],"{'country': 'United States', 'country_code': 'US', 'full_name': 'United States', 'geo': {'coordinates': [-98.5, 39.76], 'type': 'point'}}",,2017-50-11T04:50:47.000Z,tweet,"Giants vs. Cowboys score, highlights, stats: Dak Prescott, Dallas D dominate New York -‚Ä¶ https://t.co/I19imZvaZf #TopStories"
"SNF gives game ball to Jason Witten, Jaylon Smith, Dak Prescott https://t.co/Oe1WklAtQf v√≠a @247Sports",102,907103674761076736,2017-09-11 04:49:03,0,0,,,"SNF gives game ball to Jason Witten, Jaylon Smith, Dak Prescott https://t.co/Oe1WklAtQf v√≠a @247Sports",,"[{'screen_name': '247Sports', 'name': '247Sports', 'id': 151595281, 'id_str': '151595281', 'indices': [92, 102]}]","{'country': 'Mexico', 'country_code': 'MX', 'locality': 'Monterrey', 'region': 'Nuevo Le√≥n', 'full_name': 'Monterrey, Nuevo Le√≥n, Mexico', 'geo': {'coordinates': [-100.31846, 25.67506], 'type': 'point'}}",,2017-49-11T04:49:03.000Z,tweet,"SNF gives game ball to Jason Witten, Jaylon Smith, Dak Prescott https://t.co/Oe1WklAtQf v√≠a @247Sports"
I could see Dak Prescott as a super bowl winning qb.,52,907103569014378496,2017-09-11 04:48:38,1,0,,,I could see Dak Prescott as a super bowl winning qb.,,[],"{'country': ""C√¥te d'Ivoire"", 'country_code': 'CI', 'full_name': ""C√¥te d'Ivoire"", 'geo': {'coordinates': [-5.0, 8.0], 'type': 'point'}}",,2017-48-11T04:48:38.000Z,tweet,I could see Dak Prescott as a super bowl winning qb.
"Giants vs. Cowboys score, highlights, stats: Dak Prescott, Dallas D dominate New York - https://t.co/gR2A662kbh‚Ä¶ https://t.co/Fy5VNG4M53",136,907103438248361985,2017-09-11 04:48:07,0,0,,,"Giants vs. Cowboys score, highlights, stats: Dak Prescott, Dallas D dominate New York - https://t.co/gR2A662kbh https://t.co/fHDU7MYSYE https://t.co/ImUFCnP283",,[],"{'country': 'Venezuela (Bolivarian Republic of)', 'country_code': 'VE', 'full_name': 'Venezuela (Bolivarian Republic of)', 'geo': {'coordinates': [-66.0, 8.0], 'type': 'point'}}",,2017-48-11T04:48:07.000Z,tweet,"Giants vs. Cowboys score, highlights, stats: Dak Prescott, Dallas D dominate New York - https://t.co/gR2A662kbh https://t.co/fHDU7MYSYE https://t.co/ImUFCnP283"
"Giants vs. Cowboys score, highlights, stats: Dak Prescott, Dallas D dominate New York - https://t.co/LWPgHebOyv https://t.co/SJV8sRHKsJ",135,907102760780419073,2017-09-11 04:45:25,0,0,,,"Giants vs. Cowboys score, highlights, stats: Dak Prescott, Dallas D dominate New York - https://t.co/LWPgHebOyv https://t.co/SJV8sRHKsJ",,[],"{'country': 'Australia', 'country_code': 'AU', 'locality': 'Sydney', 'region': 'New South Wales', 'sub_region': 'City of Sydney', 'full_name': 'Sydney, New South Wales, Australia', 'geo': {'coordinates': [151.20732, -33.86785], 'type': 'point'}}",,2017-45-11T04:45:25.000Z,tweet,"Giants vs. Cowboys score, highlights, stats: Dak Prescott, Dallas D dominate New York - https://t.co/LWPgHebOyv https://t.co/SJV8sRHKsJ"
"BREAKING NEWS: Giants vs. Cowboys score, highlights, stats: Dak Prescott, Dallas D dominate New York https://t.co/7bufw5wzSo",124,907102666991570949,2017-09-11 04:45:03,0,0,,,"BREAKING NEWS: Giants vs. Cowboys score, highlights, stats: Dak Prescott, Dallas D dominate New York https://t.co/7bufw5wzSo",,[],"{'country': 'United States', 'country_code': 'US', 'region': 'New York', 'full_name': 'New York, United States', 'geo': {'coordinates': [-75.4999, 43.00035], 'type': 'point'}}",,2017-45-11T04:45:03.000Z,tweet,"BREAKING NEWS: Giants vs. Cowboys score, highlights, stats: Dak Prescott, Dallas D dominate New York https://t.co/7bufw5wzSo"
"Dak Prescott, Cowboys Cruise to Easy Win vs. Giants Without Odell Beckham Jr. https://t.co/Ls4zud1Tsc",101,907102629607723008,2017-09-11 04:44:54,0,0,,,"Dak Prescott, Cowboys Cruise to Easy Win vs. Giants Without Odell Beckham Jr. https://t.co/Ls4zud1Tsc",,[],"{'country': 'Nigeria', 'country_code': 'NG', 'region': 'Abuja Federal Capital Territory', 'full_name': 'Abuja Federal Capital Territory, Nigeria', 'geo': {'coordinates': [7.16667, 8.83333], 'type': 'point'}}",,2017-44-11T04:44:54.000Z,tweet,"Dak Prescott, Cowboys Cruise to Easy Win vs. Giants Without Odell Beckham Jr. https://t.co/Ls4zud1Tsc"
"#DallasCowboys #CowboysNation Cowboys cut Giants down to size, win opener 19-3 #Cowboys #WeDemBoyz #DC4L https://t.co/yUNkBJ0cxX",128,907102561320218624,2017-09-11 04:44:38,1,0,,,"#DallasCowboys #CowboysNation Cowboys cut Giants down to size, win opener 19-3 #Cowboys #WeDemBoyz #DC4L https://t.co/yUNkBJ0cxX",,[],,,2017-44-11T04:44:38.000Z,tweet,"#DallasCowboys #CowboysNation Cowboys cut Giants down to size, win opener 19-3 #Cowboys #WeDemBoyz #DC4L https://t.co/yUNkBJ0cxX"
Cowboys 19 Giants 3: Dak Prescott: https://t.co/pfLYR3IcNa via @YouTube,71,907102072369238017,2017-09-11 04:42:41,2,0,,,Cowboys 19 Giants 3: Dak Prescott: https://t.co/pfLYR3IcNa via @YouTube,,"[{'screen_name': 'YouTube', 'name': 'YouTube', 'id': 10228272, 'id_str': '10228272', 'indices': [63, 71]}]","{'country': 'United States', 'country_code': 'US', 'region': 'Texas', 'full_name': 'Texas, United States', 'geo': {'coordinates': [-99.25061, 31.25044], 'type': 'point'}}",,2017-42-11T04:42:41.000Z,tweet,Cowboys 19 Giants 3: Dak Prescott: https://t.co/pfLYR3IcNa via @YouTube
"#NCAAF Wire: Giants vs. Cowboys score, highlights, stats: Dak Prescott, Dallas D dominate‚Ä¶ https://t.co/76VujZV3CX https://t.co/KbU6kwto1M",138,907101913086177280,2017-09-11 04:42:03,0,0,,,"#NCAAF Wire: Giants vs. Cowboys score, highlights, stats: Dak Prescott, Dallas D dominate‚Ä¶ https://t.co/76VujZV3CX https://t.co/KbU6kwto1M",,[],"{'country': 'United States', 'country_code': 'US', 'region': 'New York', 'full_name': 'New York, United States', 'geo': {'coordinates': [-75.4999, 43.00035], 'type': 'point'}}",,2017-42-11T04:42:03.000Z,tweet,"#NCAAF Wire: Giants vs. Cowboys score, highlights, stats: Dak Prescott, Dallas D dominate‚Ä¶ https://t.co/76VujZV3CX https://t.co/KbU6kwto1M"
"Giants vs. Cowboys score, highlights, stats: Dak Prescott, Dallas D dominate New York https://t.co/cwQOtBlvDB",109,907101493869912066,2017-09-11 04:40:23,0,0,,,"Giants vs. Cowboys score, highlights, stats: Dak Prescott, Dallas D dominate New York https://t.co/cwQOtBlvDB",,[],,,2017-40-11T04:40:23.000Z,tweet,"Giants vs. Cowboys score, highlights, stats: Dak Prescott, Dallas D dominate New York https://t.co/cwQOtBlvDB"
"Giants vs. Cowboys score, highlights, stats: Dak Prescott, Dallas D dominate New York https://t.co/HHBvKMhW1o https://t.co/ie1YQTfZfX",133,907101442401431552,2017-09-11 04:40:11,0,0,,,"Giants vs. Cowboys score, highlights, stats: Dak Prescott, Dallas D dominate New York https://t.co/HHBvKMhW1o https://t.co/ie1YQTfZfX",,[],"{'country': 'United States', 'country_code': 'US', 'locality': 'Montgomery', 'region': 'Alabama', 'sub_region': 'Montgomery County', 'full_name': 'Montgomery, Alabama, United States', 'geo': {'coordinates': [-86.29997, 32.36681], 'type': 'point'}}",,2017-40-11T04:40:11.000Z,tweet,"Giants vs. Cowboys score, highlights, stats: Dak Prescott, Dallas D dominate New York https://t.co/HHBvKMhW1o https://t.co/ie1YQTfZfX"
"#NFL Wire: Giants vs. Cowboys score, highlights, stats: Dak Prescott, Dallas D dominate New‚Ä¶ https://t.co/uQpGluLIEu https://t.co/4ybL6xp42b",140,907101438806859781,2017-09-11 04:40:10,0,0,,,"#NFL Wire: Giants vs. Cowboys score, highlights, stats: Dak Prescott, Dallas D dominate New‚Ä¶ https://t.co/uQpGluLIEu https://t.co/4ybL6xp42b",,[],"{'country': 'United States', 'country_code': 'US', 'locality': 'Chicago', 'region': 'Illinois', 'sub_region': 'Cook County', 'full_name': 'Chicago, Illinois, United States', 'geo': {'coordinates': [-87.65005, 41.85003], 'type': 'point'}}",,2017-40-11T04:40:10.000Z,tweet,"#NFL Wire: Giants vs. Cowboys score, highlights, stats: Dak Prescott, Dallas D dominate New‚Ä¶ https://t.co/uQpGluLIEu https://t.co/4ybL6xp42b"
"#NFL Wire: Giants vs. Cowboys score, highlights, stats: Dak Prescott, Dallas D dominate New‚Ä¶ https://t.co/76VujZV3CX https://t.co/KbU6kwto1M",140,907101434977513474,2017-09-11 04:40:09,0,0,,,"#NFL Wire: Giants vs. Cowboys score, highlights, stats: Dak Prescott, Dallas D dominate New‚Ä¶ https://t.co/76VujZV3CX https://t.co/KbU6kwto1M",,[],"{'country': 'United States', 'country_code': 'US', 'region': 'New York', 'full_name': 'New York, United States', 'geo': {'coordinates': [-75.4999, 43.00035], 'type': 'point'}}",,2017-40-11T04:40:09.000Z,tweet,"#NFL Wire: Giants vs. Cowboys score, highlights, stats: Dak Prescott, Dallas D dominate New‚Ä¶ https://t.co/76VujZV3CX https://t.co/KbU6kwto1M"
"#NBA Wire: Giants vs. Cowboys score, highlights, stats: Dak Prescott, Dallas D dominate New‚Ä¶ https://t.co/76VujZV3CX https://t.co/KbU6kwto1M",140,907100965160984577,2017-09-11 04:38:17,0,0,,,"#NBA Wire: Giants vs. Cowboys score, highlights, stats: Dak Prescott, Dallas D dominate New‚Ä¶ https://t.co/76VujZV3CX https://t.co/KbU6kwto1M",,[],"{'country': 'United States', 'country_code': 'US', 'region': 'New York', 'full_name': 'New York, United States', 'geo': {'coordinates': [-75.4999, 43.00035], 'type': 'point'}}",,2017-38-11T04:38:17.000Z,tweet,"#NBA Wire: Giants vs. Cowboys score, highlights, stats: Dak Prescott, Dallas D dominate New‚Ä¶ https://t.co/76VujZV3CX https://t.co/KbU6kwto1M"
"#NHL Wire: Giants vs. Cowboys score, highlights, stats: Dak Prescott, Dallas D dominate New‚Ä¶ https://t.co/76VujZV3CX https://t.co/KbU6kwto1M",140,907100952821252096,2017-09-11 04:38:14,0,0,,,"#NHL Wire: Giants vs. Cowboys score, highlights, stats: Dak Prescott, Dallas D dominate New‚Ä¶ https://t.co/76VujZV3CX https://t.co/KbU6kwto1M",,[],"{'country': 'United States', 'country_code': 'US', 'region': 'New York', 'full_name': 'New York, United States', 'geo': {'coordinates': [-75.4999, 43.00035], 'type': 'point'}}",,2017-38-11T04:38:14.000Z,tweet,"#NHL Wire: Giants vs. Cowboys score, highlights, stats: Dak Prescott, Dallas D dominate New‚Ä¶ https://t.co/76VujZV3CX https://t.co/KbU6kwto1M"
"#NCAAB Wire: Giants vs. Cowboys score, highlights, stats: Dak Prescott, Dallas D dominate‚Ä¶ https://t.co/76VujZV3CX https://t.co/KbU6kwto1M",138,907100940309635072,2017-09-11 04:38:11,0,0,,,"#NCAAB Wire: Giants vs. Cowboys score, highlights, stats: Dak Prescott, Dallas D dominate‚Ä¶ https://t.co/76VujZV3CX https://t.co/KbU6kwto1M",,[],"{'country': 'United States', 'country_code': 'US', 'region': 'New York', 'full_name': 'New York, United States', 'geo': {'coordinates': [-75.4999, 43.00035], 'type': 'point'}}",,2017-38-11T04:38:11.000Z,tweet,"#NCAAB Wire: Giants vs. Cowboys score, highlights, stats: Dak Prescott, Dallas D dominate‚Ä¶ https://t.co/76VujZV3CX https://t.co/KbU6kwto1M"
"#MLB Wire: Giants vs. Cowboys score, highlights, stats: Dak Prescott, Dallas D dominate New‚Ä¶ https://t.co/76VujZV3CX https://t.co/KbU6kwto1M",140,907100924971073537,2017-09-11 04:38:08,0,0,,,"#MLB Wire: Giants vs. Cowboys score, highlights, stats: Dak Prescott, Dallas D dominate New‚Ä¶ https://t.co/76VujZV3CX https://t.co/KbU6kwto1M",,[],"{'country': 'United States', 'country_code': 'US', 'region': 'New York', 'full_name': 'New York, United States', 'geo': {'coordinates': [-75.4999, 43.00035], 'type': 'point'}}",,2017-38-11T04:38:08.000Z,tweet,"#MLB Wire: Giants vs. Cowboys score, highlights, stats: Dak Prescott, Dallas D dominate New‚Ä¶ https://t.co/76VujZV3CX https://t.co/KbU6kwto1M"
"Giants vs. Cowboys score, highlights, stats: Dak Prescott, Dallas D dominate New York https://t.co/Qjo0NU5rJP",109,907100738882547712,2017-09-11 04:37:23,0,0,,,"Giants vs. Cowboys score, highlights, stats: Dak Prescott, Dallas D dominate New York https://t.co/Qjo0NU5rJP",,[],,,2017-37-11T04:37:23.000Z,tweet,"Giants vs. Cowboys score, highlights, stats: Dak Prescott, Dallas D dominate New York https://t.co/Qjo0NU5rJP"
#DallasCowboys #CowboysNation #AmericasTeam #NYGvsDAL #SNFonNBC  https://t.co/67FSQ4zeXb,88,907100380487716864,2017-09-11 04:35:58,0,0,,,#DallasCowboys #CowboysNation #AmericasTeam #NYGvsDAL #SNFonNBC  https://t.co/67FSQ4zeXb,,[],"{'country': 'United States', 'country_code': 'US', 'region': 'Texas', 'full_name': 'Texas, United States', 'geo': {'coordinates': [-99.25061, 31.25044], 'type': 'point'}}",,2017-35-11T04:35:58.000Z,tweet,#DallasCowboys #CowboysNation #AmericasTeam #NYGvsDAL #SNFonNBC  https://t.co/67FSQ4zeXb
"Giants vs. Cowboys score, highlights, stats: Dak Prescott, Dallas D dominate New¬†York https://t.co/63TMd6vUrk",109,907100270919905281,2017-09-11 04:35:32,0,0,,,"Giants vs. Cowboys score, highlights, stats: Dak Prescott, Dallas D dominate New¬†York https://t.co/63TMd6vUrk",,[],"{'country': 'United States', 'country_code': 'US', 'locality': 'Miami', 'region': 'Florida', 'sub_region': 'Miami-Dade County', 'full_name': 'Miami, Florida, United States', 'geo': {'coordinates': [-80.19366, 25.77427], 'type': 'point'}}",,2017-35-11T04:35:32.000Z,tweet,"Giants vs. Cowboys score, highlights, stats: Dak Prescott, Dallas D dominate New¬†York https://t.co/63TMd6vUrk"
"SNF gives game ball to Jason Witten, Jaylon Smith, Dak Prescott #Cowboys  https://t.co/Z8y1qqDvlU https://t.co/GJHPqyiUtG",121,907100185918148609,2017-09-11 04:35:12,4,1,,,"SNF gives game ball to Jason Witten, Jaylon Smith, Dak Prescott #Cowboys  https://t.co/Z8y1qqDvlU https://t.co/GJHPqyiUtG",,[],"{'country': 'United States', 'country_code': 'US', 'locality': 'Dallas', 'region': 'Texas', 'sub_region': 'Dallas County', 'full_name': 'Dallas, Texas, United States', 'geo': {'coordinates': [-96.80667, 32.78306], 'type': 'point'}}",,2017-35-11T04:35:12.000Z,tweet,"SNF gives game ball to Jason Witten, Jaylon Smith, Dak Prescott #Cowboys  https://t.co/Z8y1qqDvlU https://t.co/GJHPqyiUtG"
"cbssports‚Äã.com &gt;&gt; Giants vs. Cowboys score, highlights, stats: Dak Prescott, Dallas D dominate New York https://t.co/lqkmXaKbYt",133,907100050148519936,2017-09-11 04:34:39,1,0,,,"cbssports‚Äã.com &gt;&gt; Giants vs. Cowboys score, highlights, stats: Dak Prescott, Dallas D dominate New York https://t.co/lqkmXaKbYt",,[],"{'country': 'United States', 'country_code': 'US', 'locality': 'Dallas', 'region': 'Texas', 'sub_region': 'Dallas County', 'full_name': 'Dallas, Texas, United States', 'geo': {'coordinates': [-96.80667, 32.78306], 'type': 'point'}}",,2017-34-11T04:34:39.000Z,tweet,"cbssports‚Äã.com &gt;&gt; Giants vs. Cowboys score, highlights, stats: Dak Prescott, Dallas D dominate New York https://t.co/lqkmXaKbYt"
Dak Prescott is pretty much Nick Foles with a better o-line,59,907099760586244096,2017-09-11 04:33:30,0,0,,,Dak Prescott is pretty much Nick Foles with a better o-line,,[],"{'country': 'Canada', 'country_code': 'CA', 'locality': 'Edmonton', 'region': 'Alberta', 'full_name': 'Edmonton, Alberta, Canada', 'geo': {'coordinates': [-113.46871, 53.55014], 'type': 'point'}}",,2017-33-11T04:33:30.000Z,tweet,Dak Prescott is pretty much Nick Foles with a better o-line
"NFL_Cowboys247 Own the Night: SNF gives game ball to #Cowboys stars Jason Witten, Jaylon Smith and Dak Prescott ¬ª‚Ä¶ https://t.co/TG4xK3cRda‚Ä¶",139,907099679673995265,2017-09-11 04:33:11,1,0,,,"NFL_Cowboys247 Own the Night: SNF gives game ball to #Cowboys stars Jason Witten, Jaylon Smith and Dak Prescott ¬ª‚Ä¶ https://t.co/TG4xK3cRda‚Ä¶",,[],,,2017-33-11T04:33:11.000Z,tweet,"NFL_Cowboys247 Own the Night: SNF gives game ball to #Cowboys stars Jason Witten, Jaylon Smith and Dak Prescott ¬ª‚Ä¶ https://t.co/TG4xK3cRda‚Ä¶"
"There were a lot of options to be made here, but no one's arguing with who was chosen. https://t.co/XqF6bWKTMi $$ Whats a Sophomore slump ?",139,907099545657634816,2017-09-11 04:32:39,0,0,,,"There were a lot of options to be made here, but no one's arguing with who was chosen. https://t.co/XqF6bWKTMi $$ Whats a Sophomore slump ?",,[],"{'country': 'United States', 'country_code': 'US', 'region': 'Texas', 'full_name': 'Texas, United States', 'geo': {'coordinates': [-99.25061, 31.25044], 'type': 'point'}}",,2017-32-11T04:32:39.000Z,tweet,"There were a lot of options to be made here, but no one's arguing with who was chosen. https://t.co/XqF6bWKTMi $$ Whats a Sophomore slump ?"
https://t.co/gQX6Y4YJNP,23,907099522991398913,2017-09-11 04:32:34,0,0,,,https://t.co/gQX6Y4YJNP,,[],"{'country': 'United States', 'country_code': 'US', 'locality': 'Colorado Springs', 'region': 'Colorado', 'sub_region': 'El Paso County', 'full_name': 'Colorado Springs, Colorado, United States', 'geo': {'coordinates': [-104.82136, 38.83388], 'type': 'point'}}",,2017-32-11T04:32:34.000Z,tweet,https://t.co/gQX6Y4YJNP
"Own the Night: SNF gives game ball to #Cowboys stars Jason Witten, Jaylon Smith and Dak Prescott ¬ª‚Ä¶ https://t.co/FRBzWj2S0K",123,907099170997235712,2017-09-11 04:31:10,29,8,,,"Own the Night: SNF gives game ball to #Cowboys stars Jason Witten, Jaylon Smith and Dak Prescott ¬ª

https://t.co/WtMhvZk71a https://t.co/rXCGFLJgyp",,[],"{'country': 'United States', 'country_code': 'US', 'locality': 'Dallas', 'region': 'Texas', 'sub_region': 'Dallas County', 'full_name': 'Dallas, Texas, United States', 'geo': {'coordinates': [-96.80667, 32.78306], 'type': 'point'}}",,2017-31-11T04:31:10.000Z,tweet,"Own the Night: SNF gives game ball to #Cowboys stars Jason Witten, Jaylon Smith and Dak Prescott ¬ª

https://t.co/WtMhvZk71a https://t.co/rXCGFLJgyp"
"Own the Night: SNF gives game ball to #Cowboys stars Jason Witten, Jaylon Smith and Dak Prescott ¬ª‚Ä¶ https://t.co/zjj4694fhb",123,907099170938527745,2017-09-11 04:31:10,60,13,,,"Own the Night: SNF gives game ball to #Cowboys stars Jason Witten, Jaylon Smith and Dak Prescott ¬ª

https://t.co/WU9ZcUVDNC https://t.co/DR1dzyS8Fj",,[],,,2017-31-11T04:31:10.000Z,tweet,"Own the Night: SNF gives game ball to #Cowboys stars Jason Witten, Jaylon Smith and Dak Prescott ¬ª

https://t.co/WU9ZcUVDNC https://t.co/DR1dzyS8Fj"
"Giants vs. Cowboys score, highlights, stats: Dak Prescott, Dallas D dominate New York - https://t.co/MEnP0wBVWr https://t.co/esixDbhwTC",135,907099035751903232,2017-09-11 04:30:37,0,0,,,"Giants vs. Cowboys score, highlights, stats: Dak Prescott, Dallas D dominate New York - https://t.co/MEnP0wBVWr https://t.co/esixDbhwTC",,[],,,2017-30-11T04:30:37.000Z,tweet,"Giants vs. Cowboys score, highlights, stats: Dak Prescott, Dallas D dominate New York - https://t.co/MEnP0wBVWr https://t.co/esixDbhwTC"
"Giants vs. Cowboys score, highlights, stats: Dak Prescott, Dallas D dominate New York - https://t.co/DpWxjsyhAj https://t.co/8ogig9P8lW",135,907098987349626880,2017-09-11 04:30:26,0,0,,,"Giants vs. Cowboys score, highlights, stats: Dak Prescott, Dallas D dominate New York - https://t.co/DpWxjsyhAj https://t.co/8ogig9P8lW",,[],,,2017-30-11T04:30:26.000Z,tweet,"Giants vs. Cowboys score, highlights, stats: Dak Prescott, Dallas D dominate New York - https://t.co/DpWxjsyhAj https://t.co/8ogig9P8lW"
"Giants vs. Cowboys score, highlights, stats: Dak Prescott, Dallas D dominate New York - https://t.co/lSo64aTeIt‚Ä¶ https://t.co/FtRmOnyYud",136,907098909696069632,2017-09-11 04:30:07,0,0,,,"Giants vs. Cowboys score, highlights, stats: Dak Prescott, Dallas D dominate New York - https://t.co/lSo64aTeIt https://t.co/otvjDzaJhG https://t.co/o6tAdrBAfk",,[],,,2017-30-11T04:30:07.000Z,tweet,"Giants vs. Cowboys score, highlights, stats: Dak Prescott, Dallas D dominate New York - https://t.co/lSo64aTeIt https://t.co/otvjDzaJhG https://t.co/o6tAdrBAfk"
"Giants vs. Cowboys score, highlights, stats: Dak Prescott, Dallas D dominate New York - https://t.co/ez3DFXzHdq‚Ä¶ https://t.co/uL9ew7xpJW",136,907098909658324992,2017-09-11 04:30:07,0,0,,,"Giants vs. Cowboys score, highlights, stats: Dak Prescott, Dallas D dominate New York - https://t.co/ez3DFXzHdq https://t.co/H8XZYqXPA3 https://t.co/Nze7GeHwa3",,[],,,2017-30-11T04:30:07.000Z,tweet,"Giants vs. Cowboys score, highlights, stats: Dak Prescott, Dallas D dominate New York - https://t.co/ez3DFXzHdq https://t.co/H8XZYqXPA3 https://t.co/Nze7GeHwa3"
"Giants vs. Cowboys score, highlights, stats: Dak Prescott, Dallas D dominate New York - https://t.co/osIrRJ0zvJ‚Ä¶ https://t.co/gryJcCrU8m",136,907098909389889537,2017-09-11 04:30:07,0,0,,,"Giants vs. Cowboys score, highlights, stats: Dak Prescott, Dallas D dominate New York - https://t.co/osIrRJ0zvJ https://t.co/lZJDudbP4c https://t.co/AogOLfVDaw",,[],"{'country': 'United States', 'country_code': 'US', 'locality': 'San Francisco', 'region': 'California', 'sub_region': 'San Francisco County', 'full_name': 'San Francisco, California, United States', 'geo': {'coordinates': [-122.41942, 37.77493], 'type': 'point'}}",,2017-30-11T04:30:07.000Z,tweet,"Giants vs. Cowboys score, highlights, stats: Dak Prescott, Dallas D dominate New York - https://t.co/osIrRJ0zvJ https://t.co/lZJDudbP4c https://t.co/AogOLfVDaw"
"Giants vs. Cowboys score, highlights, stats: Dak Prescott, Dallas D dominate New York - https://t.co/FYhgWA5e5q‚Ä¶ https://t.co/UMAEK23USF",136,907098908752437249,2017-09-11 04:30:07,0,0,,,"Giants vs. Cowboys score, highlights, stats: Dak Prescott, Dallas D dominate New York - https://t.co/FYhgWA5e5q https://t.co/dLmJpSWLgi https://t.co/xMxpHdI5Cr",,[],"{'country': 'United States', 'country_code': 'US', 'full_name': 'United States', 'geo': {'coordinates': [-98.5, 39.76], 'type': 'point'}}",,2017-30-11T04:30:07.000Z,tweet,"Giants vs. Cowboys score, highlights, stats: Dak Prescott, Dallas D dominate New York - https://t.co/FYhgWA5e5q https://t.co/dLmJpSWLgi https://t.co/xMxpHdI5Cr"
"Giants vs. Cowboys score, highlights, stats: Dak Prescott, Dallas D dominate New York - https://t.co/yKcrFyl04M‚Ä¶ https://t.co/JFTqlBJLmE",136,907098908723109888,2017-09-11 04:30:07,0,0,,,"Giants vs. Cowboys score, highlights, stats: Dak Prescott, Dallas D dominate New York - https://t.co/yKcrFyl04M https://t.co/uT1HeTiShA https://t.co/li60JRpuTK",,[],"{'country': 'United States', 'country_code': 'US', 'locality': 'Atlanta', 'region': 'Georgia', 'sub_region': 'Fulton County', 'full_name': 'Atlanta, Georgia, United States', 'geo': {'coordinates': [-84.38798, 33.749], 'type': 'point'}}",,2017-30-11T04:30:07.000Z,tweet,"Giants vs. Cowboys score, highlights, stats: Dak Prescott, Dallas D dominate New York - https://t.co/yKcrFyl04M https://t.co/uT1HeTiShA https://t.co/li60JRpuTK"
"Giants vs. Cowboys score, highlights, stats: Dak Prescott, Dallas D dominate New York - https://t.co/tnCkRGj08J‚Ä¶ https://t.co/bludsnrccY",136,907098908689555456,2017-09-11 04:30:07,0,0,,,"Giants vs. Cowboys score, highlights, stats: Dak Prescott, Dallas D dominate New York - https://t.co/tnCkRGj08J https://t.co/oZifATnzKp https://t.co/DlNACWIY9c",,[],"{'country': 'United States', 'country_code': 'US', 'full_name': 'United States', 'geo': {'coordinates': [-98.5, 39.76], 'type': 'point'}}",,2017-30-11T04:30:07.000Z,tweet,"Giants vs. Cowboys score, highlights, stats: Dak Prescott, Dallas D dominate New York - https://t.co/tnCkRGj08J https://t.co/oZifATnzKp https://t.co/DlNACWIY9c"
"Giants vs. Cowboys score, highlights, stats: Dak Prescott, Dallas D dominate New York -‚Ä¶ https://t.co/5M8QeODd7Z‚Ä¶ https://t.co/WkVvhaIkSa",137,907098907452174337,2017-09-11 04:30:07,0,0,,,"Giants vs. Cowboys score, highlights, stats: Dak Prescott, Dallas D dominate New York -‚Ä¶ https://t.co/5M8QeODd7Z #latest #news https://t.co/VelPBVwGIw",,[],,,2017-30-11T04:30:07.000Z,tweet,"Giants vs. Cowboys score, highlights, stats: Dak Prescott, Dallas D dominate New York -‚Ä¶ https://t.co/5M8QeODd7Z #latest #news https://t.co/VelPBVwGIw"
"followme - Giants vs. Cowboys score, highlights, stats: Dak Prescott, Dallas D‚Ä¶ https://t.co/NnX3QwauYL #TopStories‚Ä¶ https://t.co/9VZLo7RXLC",140,907098901349466112,2017-09-11 04:30:05,0,0,,,"followme - Giants vs. Cowboys score, highlights, stats: Dak Prescott, Dallas D‚Ä¶ https://t.co/NnX3QwauYL #TopStories - followforfollow https://t.co/gqRPj4rT8k",,[],"{'country': 'United States', 'country_code': 'US', 'full_name': 'United States', 'geo': {'coordinates': [-98.5, 39.76], 'type': 'point'}}",,2017-30-11T04:30:05.000Z,tweet,"followme - Giants vs. Cowboys score, highlights, stats: Dak Prescott, Dallas D‚Ä¶ https://t.co/NnX3QwauYL #TopStories - followforfollow https://t.co/gqRPj4rT8k"
"""Cowboys cut Giants down to size, win opener 19-3"" https://t.co/CkclndPZU8 #sports #feedly",90,907098643810750464,2017-09-11 04:29:04,0,0,,,"""Cowboys cut Giants down to size, win opener 19-3"" https://t.co/CkclndPZU8 #sports #feedly",,[],"{'country': 'United States', 'country_code': 'US', 'locality': 'Portland', 'region': 'Oregon', 'sub_region': 'Multnomah County', 'full_name': 'Portland, Oregon, United States', 'geo': {'coordinates': [-122.67621, 45.52345], 'type': 'point'}}",,2017-29-11T04:29:04.000Z,tweet,"""Cowboys cut Giants down to size, win opener 19-3"" https://t.co/CkclndPZU8 #sports #feedly"
"Hey guys, it's time for my Special Report:

The Dallas have finally done it

Under Dak Prescott and Ezekial... https://t.co/fpTmyDHm7x",134,907098041500434434,2017-09-11 04:26:40,0,0,,,"Hey guys, it's time for my Special Report:

The Dallas have finally done it

Under Dak Prescott and Ezekial... https://t.co/fpTmyDHm7x",,[],"{'country': 'United States', 'country_code': 'US', 'locality': 'DeRidder', 'region': 'Louisiana', 'sub_region': 'Beauregard Parish', 'full_name': 'DeRidder, Louisiana, United States', 'geo': {'coordinates': [-93.28905, 30.84631], 'type': 'point'}}",,2017-26-11T04:26:40.000Z,tweet,"Hey guys, it's time for my Special Report:

The Dallas have finally done it

Under Dak Prescott and Ezekial... https://t.co/fpTmyDHm7x"
So nice to see Dak Prescott's fine ass back on my TVüòç,53,907097957886857216,2017-09-11 04:26:20,0,0,,,So nice to see Dak Prescott's fine ass back on my TVüòç,,[],,,2017-26-11T04:26:20.000Z,tweet,So nice to see Dak Prescott's fine ass back on my TVüòç
"Giants vs. Cowboys score, highlights, stats: Dak Prescott, Dallas D dominate New York https://t.co/BtRohtGDNn via @CBSSPORTS",124,907097813208707072,2017-09-11 04:25:46,0,0,,,"Giants vs. Cowboys score, highlights, stats: Dak Prescott, Dallas D dominate New York https://t.co/BtRohtGDNn via @CBSSPORTS",,"[{'screen_name': 'CBSSports', 'name': 'CBS Sports', 'id': 14885860, 'id_str': '14885860', 'indices': [114, 124]}]","{'country': 'United States', 'country_code': 'US', 'region': 'Texas', 'full_name': 'Texas, United States', 'geo': {'coordinates': [-99.25061, 31.25044], 'type': 'point'}}",,2017-25-11T04:25:46.000Z,tweet,"Giants vs. Cowboys score, highlights, stats: Dak Prescott, Dallas D dominate New York https://t.co/BtRohtGDNn via @CBSSPORTS"
Dak Prescott isn't as good as everyone thinks he is. IMO he's gonna get figured out just like Kaepernick a few years ago.,121,907097672536006657,2017-09-11 04:25:12,0,0,,,Dak Prescott isn't as good as everyone thinks he is. IMO he's gonna get figured out just like Kaepernick a few years ago.,,[],,,2017-25-11T04:25:12.000Z,tweet,Dak Prescott isn't as good as everyone thinks he is. IMO he's gonna get figured out just like Kaepernick a few years ago.
"Dak Prescott: Leads Cowboys to victory with efficient night
 
https://t.co/MAmWEvGC57",85,907097414762467329,2017-09-11 04:24:11,0,0,,,"Dak Prescott: Leads Cowboys to victory with efficient night
 
https://t.co/MAmWEvGC57",,[],"{'country': 'United States', 'country_code': 'US', 'locality': 'Las Vegas', 'region': 'Nevada', 'sub_region': 'Clark County', 'full_name': 'Las Vegas, Nevada, United States', 'geo': {'coordinates': [-115.13722, 36.17497], 'type': 'point'}}",,2017-24-11T04:24:11.000Z,tweet,"Dak Prescott: Leads Cowboys to victory with efficient night
 
https://t.co/MAmWEvGC57"
I gotta give a special shout out to Dak Prescott. Defense played lights out. But that boy did his thing with all the hate even his own fans,139,907097293878448128,2017-09-11 04:23:42,4,1,,,I gotta give a special shout out to Dak Prescott. Defense played lights out. But that boy did his thing with all the hate even his own fans,,[],"{'country': 'United States', 'country_code': 'US', 'region': 'Texas', 'full_name': 'Texas, United States', 'geo': {'coordinates': [-99.25061, 31.25044], 'type': 'point'}}",,2017-23-11T04:23:42.000Z,tweet,I gotta give a special shout out to Dak Prescott. Defense played lights out. But that boy did his thing with all the hate even his own fans
"Giants vs. Cowboys score, highlights, stats: Dak Prescott, Dallas D dominate New¬†York https://t.co/UgQTVCsdrt",109,907097165314621440,2017-09-11 04:23:11,0,0,,,"Giants vs. Cowboys score, highlights, stats: Dak Prescott, Dallas D dominate New¬†York https://t.co/UgQTVCsdrt",,[],,,2017-23-11T04:23:11.000Z,tweet,"Giants vs. Cowboys score, highlights, stats: Dak Prescott, Dallas D dominate New¬†York https://t.co/UgQTVCsdrt"
"Giants vs. Cowboys score, highlights, stats: Dak Prescott, Dallas D dominate New York -‚Ä¶ https://t.co/mPdAlAlSNP #TopStories #paedobritain",138,907097129709035520,2017-09-11 04:23:03,0,0,,,"Giants vs. Cowboys score, highlights, stats: Dak Prescott, Dallas D dominate New York -‚Ä¶ https://t.co/mPdAlAlSNP #TopStories #paedobritain",,[],,,2017-23-11T04:23:03.000Z,tweet,"Giants vs. Cowboys score, highlights, stats: Dak Prescott, Dallas D dominate New York -‚Ä¶ https://t.co/mPdAlAlSNP #TopStories #paedobritain"
"Giants vs. Cowboys score, highlights, stats: Dak Prescott, Dallas D dominate New York - https://t.co/bJ67fU88Yy‚Ä¶ https://t.co/0Pc0TGC8Hz",136,907096638614773760,2017-09-11 04:21:06,0,0,,,"Giants vs. Cowboys score, highlights, stats: Dak Prescott, Dallas D dominate New York - https://t.co/bJ67fU88Yy https://t.co/TFi3pytfWc https://t.co/dqjsKP7zpX",,[],"{'country': 'United States', 'country_code': 'US', 'full_name': 'United States', 'geo': {'coordinates': [-98.5, 39.76], 'type': 'point'}}",,2017-21-11T04:21:06.000Z,tweet,"Giants vs. Cowboys score, highlights, stats: Dak Prescott, Dallas D dominate New York - https://t.co/bJ67fU88Yy https://t.co/TFi3pytfWc https://t.co/dqjsKP7zpX"
"Dak Prescott, @dak is now trending in #LasVegas

https://t.co/cNCeQgxG4c https://t.co/C20lfksgQj",96,907096539537043456,2017-09-11 04:20:42,1,0,,,"Dak Prescott, @dak is now trending in #LasVegas

https://t.co/cNCeQgxG4c https://t.co/C20lfksgQj",,"[{'screen_name': 'dak', 'name': 'Dak Prescott', 'id': 385203914, 'id_str': '385203914', 'indices': [14, 18]}]","{'country': 'United States', 'country_code': 'US', 'locality': 'Las Vegas', 'region': 'Nevada', 'sub_region': 'Clark County', 'full_name': 'Las Vegas, Nevada, United States', 'geo': {'coordinates': [-115.13722, 36.17497], 'type': 'point'}}",,2017-20-11T04:20:42.000Z,tweet,"Dak Prescott, @dak is now trending in #LasVegas

https://t.co/cNCeQgxG4c https://t.co/C20lfksgQj"
"Via HailStateFB: RT ESPNStatsInfo: Since the merger, Dak Prescott's 4 interceptions are the fewest through a QB's ‚Ä¶ https://t.co/xUix0hT8ab",139,907096479193604096,2017-09-11 04:20:28,0,0,,,"Via HailStateFB: RT ESPNStatsInfo: Since the merger, Dak Prescott's 4 interceptions are the fewest through a QB's ‚Ä¶ https://t.co/xUix0hT8ab",,[],"{'country': 'United States', 'country_code': 'US', 'locality': 'Natchez', 'region': 'Mississippi', 'sub_region': 'Adams County', 'full_name': 'Natchez, Mississippi, United States', 'geo': {'coordinates': [-91.40317, 31.56044], 'type': 'point'}}",,2017-20-11T04:20:28.000Z,tweet,"Via HailStateFB: RT ESPNStatsInfo: Since the merger, Dak Prescott's 4 interceptions are the fewest through a QB's ‚Ä¶ https://t.co/xUix0hT8ab"
"Giants vs. Cowboys score, highlights, stats: Dak Prescott, Dallas D dominate New York‚Ä¶ https://t.co/n5BmzcPQBT",110,907096290391097344,2017-09-11 04:19:43,0,0,,,"Giants vs. Cowboys score, highlights, stats: Dak Prescott, Dallas D dominate New York‚Ä¶ https://t.co/n5BmzcPQBT",,[],,,2017-19-11T04:19:43.000Z,tweet,"Giants vs. Cowboys score, highlights, stats: Dak Prescott, Dallas D dominate New York‚Ä¶ https://t.co/n5BmzcPQBT"
#DallasCowboys #CowboysNation Sunday Night wrap-up: Dak Prescott leads Cowboys to impressi.. #Cowboys #GoCowboys https://t.co/cU3lMhY9NQ,136,907096258967474177,2017-09-11 04:19:35,35,9,,,#DallasCowboys #CowboysNation Sunday Night wrap-up: Dak Prescott leads Cowboys to impressi.. #Cowboys #GoCowboys https://t.co/cU3lMhY9NQ,,[],,,2017-19-11T04:19:35.000Z,tweet,#DallasCowboys #CowboysNation Sunday Night wrap-up: Dak Prescott leads Cowboys to impressi.. #Cowboys #GoCowboys https://t.co/cU3lMhY9NQ
"Dak Prescott, Cowboys Cruise to Easy Win vs. Giants Without Odell Beckham Jr. - Bleacher Report https://t.co/10aE3JLX6A",119,907096194295504899,2017-09-11 04:19:20,0,0,,,"Dak Prescott, Cowboys Cruise to Easy Win vs. Giants Without Odell Beckham Jr. - Bleacher Report https://t.co/10aE3JLX6A",,[],"{'country': 'United States', 'country_code': 'US', 'region': 'West Virginia', 'full_name': 'West Virginia, United States', 'geo': {'coordinates': [-80.50009, 38.50038], 'type': 'point'}}",,2017-19-11T04:19:20.000Z,tweet,"Dak Prescott, Cowboys Cruise to Easy Win vs. Giants Without Odell Beckham Jr. - Bleacher Report https://t.co/10aE3JLX6A"
Watch: Perfect play-action by Dak Prescott sets up cherry-on-top TD ... #DallasCowboys  https://t.co/oWoj28550l https://t.co/BTg5S37WeQ,135,907096122249957377,2017-09-11 04:19:03,0,1,,,Watch: Perfect play-action by Dak Prescott sets up cherry-on-top TD ... #DallasCowboys  https://t.co/oWoj28550l https://t.co/BTg5S37WeQ,,[],"{'country': 'United States', 'country_code': 'US', 'locality': 'Dallas', 'region': 'Texas', 'sub_region': 'Dallas County', 'full_name': 'Dallas, Texas, United States', 'geo': {'coordinates': [-96.80667, 32.78306], 'type': 'point'}}",,2017-19-11T04:19:03.000Z,tweet,Watch: Perfect play-action by Dak Prescott sets up cherry-on-top TD ... #DallasCowboys  https://t.co/oWoj28550l https://t.co/BTg5S37WeQ
Sunday Night wrap-up: Dak Prescott leads Cowboys to impressive win #cowboys #NFL https://t.co/eCsTS62lBT https://t.co/7hEekqu3ia,128,907095773237727232,2017-09-11 04:17:40,1,0,,,Sunday Night wrap-up: Dak Prescott leads Cowboys to impressive win #cowboys #NFL https://t.co/eCsTS62lBT https://t.co/7hEekqu3ia,,[],"{'country': 'United States', 'country_code': 'US', 'locality': 'Dallas', 'region': 'Texas', 'sub_region': 'Dallas County', 'full_name': 'Dallas, Texas, United States', 'geo': {'coordinates': [-96.80667, 32.78306], 'type': 'point'}}",,2017-17-11T04:17:40.000Z,tweet,Sunday Night wrap-up: Dak Prescott leads Cowboys to impressive win #cowboys #NFL https://t.co/eCsTS62lBT https://t.co/7hEekqu3ia
"Ezekiel Elliott on Dak Prescott: ""Since I've gotten here he's become my best friend. When we're out there it's like nothing can stop us.""",137,907095764408700928,2017-09-11 04:17:37,1274,392,,,"Ezekiel Elliott on Dak Prescott: ""Since I've gotten here he's become my best friend. When we're out there it's like nothing can stop us.""",,[],"{'country': 'United States', 'country_code': 'US', 'locality': 'Dallas', 'region': 'Texas', 'sub_region': 'Dallas County', 'full_name': 'Dallas, Texas, United States', 'geo': {'coordinates': [-96.80667, 32.78306], 'type': 'point'}}",,2017-17-11T04:17:37.000Z,tweet,"Ezekiel Elliott on Dak Prescott: ""Since I've gotten here he's become my best friend. When we're out there it's like nothing can stop us."""
Dak Prescott has thrown 4 interceptions in 17 career games. Andy dalton threw 4 today. #NFL,91,907095740283068416,2017-09-11 04:17:32,0,0,,,Dak Prescott has thrown 4 interceptions in 17 career games. Andy dalton threw 4 today. #NFL,,[],"{'country': 'Canada', 'country_code': 'CA', 'locality': 'Toronto', 'region': 'Ontario', 'full_name': 'Toronto, Ontario, Canada', 'geo': {'coordinates': [-79.4163, 43.70011], 'type': 'point'}}",,2017-17-11T04:17:32.000Z,tweet,Dak Prescott has thrown 4 interceptions in 17 career games. Andy dalton threw 4 today. #NFL
